"","Frequency","Percent"
"0",196,48.7562189054726
"1",125,31.0945273631841
"2",47,11.6915422885572
"3",25,6.21890547263682
"4",9,2.23880597014925
"Total",402,100
